ID,Species,Sprinzl_pos,MSA_col,Nucleotide
URS0000EFA52B_5851|Plasmodium_knowlesi|Plasmodium,Plasmodium_knowlesi,73,99,G
URS0000EFA438_5851|Plasmodium_knowlesi|Plasmodium,Plasmodium_knowlesi,73,99,G
URS0000EF9DCA_315563|Belgica_antarctica|Belgica,Belgica_antarctica,73,99,C
URS0000EFA232_347515|Leishmania_major|Leishmania,Leishmania_major,73,99,C
URS00000692E6_7227|Drosophila_melanogaster|Drosophila,Drosophila_melanogaster,73,99,C
URS0000EFA197_296543|Thalassiosira_pseudonana|Thalassiosira,Thalassiosira_pseudonana,73,99,G
URS0002324047_7955|Danio_rerio|Danio,Danio_rerio,73,99,U
URS0000AFC6C9_1797613|Chloroflexi_bacterium|Chloroflexi,Chloroflexi_bacterium,73,99,U
URS0000AFC6C9_1872519|Anaerolinea_sp|Anaerolinea,Anaerolinea_sp,73,99,U
URS0000AFC6C9_2024896|Anaerolineaceae_bacterium|Anaerolineaceae,Anaerolineaceae_bacterium,73,99,U
URS000080E0B2_224324|Aquifex_aeolicus|Aquifex,Aquifex_aeolicus,73,99,U
URS000341391A_1904483|sheep_gut_metagenome_tRNA|sheep,sheep_gut_metagenome_tRNA,73,99,U
URS0003403B6A_1904483|sheep_gut_metagenome_tRNA|sheep,sheep_gut_metagenome_tRNA,73,99,U
URS00034194B5_2847326|Parafannyhessea_sp|uncultured,Parafannyhessea_sp,73,99,U
URS00034208DD_167968|Desulfovibrio_sp|uncultured,Desulfovibrio_sp,73,99,C
URS000340EF63_3031937|Chordicoccus_sp|uncultured,Chordicoccus_sp,73,99,U
URS000341C1CD_876|Desulfovibrio_desulfuricans|Desulfovibrio,Desulfovibrio_desulfuricans,73,99,C
URS0002254DFE_167968|Desulfovibrio_sp|uncultured,Desulfovibrio_sp,73,99,U
URS0003403D79_167968|Desulfovibrio_sp|uncultured,Desulfovibrio_sp,73,99,C
URS0003420433_1904483|sheep_gut_metagenome_tRNA|sheep,sheep_gut_metagenome_tRNA,73,99,U
URS0003402BD3_1904483|sheep_gut_metagenome_tRNA|sheep,sheep_gut_metagenome_tRNA,73,99,U
URS0000A11182_1780362|Campylobacter_geochelonis|Campylobacter,Campylobacter_geochelonis,73,99,U
URS00004B84D6_287|Pseudomonas_aeruginosa|Pseudomonas,Pseudomonas_aeruginosa,73,99,U
URS0000A1265B_1703773|candidate_division_TA06_bacterium_SM1_40_tRNA-Sec|candidate,candidate_division_TA06_bacterium_SM1_40_tRNA-Sec,73,99,U
URS0000A1265B_1703774|candidate_division_TA06_bacterium_SM23_40_tRNA-Sec|candidate,candidate_division_TA06_bacterium_SM23_40_tRNA-Sec,73,99,U
URS0000058B15_360910|Bordetella_avium|Bordetella,Bordetella_avium,73,99,U
URS0000C4823B_1736429|Rhizobium_sp|Rhizobium,Rhizobium_sp,73,99,C
URS00005D75C5_287|Pseudomonas_aeruginosa|Pseudomonas,Pseudomonas_aeruginosa,73,99,U
URS0000C45FF6_1649647|Janthinobacterium_sp|Janthinobacterium,Janthinobacterium_sp,73,99,U
URS0000C7ACF0_1300342|Dokdonella_koreensis|Dokdonella,Dokdonella_koreensis,73,99,U
URS0003410CE8_135740|Paracoccus_kondratievae|Paracoccus,Paracoccus_kondratievae,73,99,U
URS0002FF090D_157784|Zestomonas_thermotolerans|Zestomonas,Zestomonas_thermotolerans,73,99,U
URS0000DF2507_2078785|Pseudomonas_sp|Pseudomonas,Pseudomonas_sp,73,99,U
URS00001372CF_384676|Pseudomonas_entomophila|Pseudomonas,Pseudomonas_entomophila,73,99,U
URS0003414876_114710|Comamonas_sp|uncultured,Comamonas_sp,73,99,U
URS0000772343_1977087|Pseudomonadota_bacterium|Pseudomonadota,Pseudomonadota_bacterium,73,99,U
URS000077E5AF_28450|Burkholderia_pseudomallei|Burkholderia,Burkholderia_pseudomallei,73,99,U
URS00000B1D7A_272560|Burkholderia_pseudomallei|Burkholderia,Burkholderia_pseudomallei,73,99,U
URS00009DDAC1_2015350|Burkholderia_sp|Burkholderia,Burkholderia_sp,73,99,U
URS000004BB47_562|Escherichia_coli|Escherichia,Escherichia_coli,73,99,U
URS00002F9CDD_511145|Escherichia_coli|Escherichia,Escherichia_coli,73,99,U
URS00002F9CDD_90371|Salmonella_enterica|Salmonella,Salmonella_enterica,73,99,U
URS00002F9CDD_591946|Escherichia_coli|Escherichia,Escherichia_coli,73,99,U
URS00002F9CDD_562|Escherichia_coli|Escherichia,Escherichia_coli,73,99,U
URS0000AD28C5_562|Escherichia_coli|Escherichia,Escherichia_coli,73,99,U
URS0000668642_562|Escherichia_coli|Escherichia,Escherichia_coli,73,99,U
URS000012883F_69218|Enterobacter_cancerogenus|Enterobacter,Enterobacter_cancerogenus,73,99,U
URS000012883F_546|Citrobacter_freundii|Citrobacter,Citrobacter_freundii,73,99,U
URS0000BE9D73_74869|Anopheles_maculatus|Anopheles,Anopheles_maculatus,73,99,U
URS0000177E81_39946|Indica_Group|Oryza,Indica_Group,73,99,U
URS0000177E81_273526|Serratia_marcescens|Serratia,Serratia_marcescens,73,99,U
URS00000F9174_913028|Yersinia_enterocolitica|Yersinia,Yersinia_enterocolitica,73,99,U
URS000009CF36_2773264|Serratia_sp|Serratia,Serratia_sp,73,99,U
URS00005A30CB_693216|Cronobacter_turicensis|Cronobacter,Cronobacter_turicensis,73,99,U
URS00005A30CB_941323|Escherichia_coli|Escherichia,Escherichia_coli,73,99,U
URS00005A30CB_199310|Escherichia_coli|Escherichia,Escherichia_coli,73,99,U
URS00005A30CB_155864|Escherichia_coli|Escherichia,Escherichia_coli,73,99,U
URS00005A30CB_220341|Salmonella_enterica|Salmonella,Salmonella_enterica,73,99,U
URS00009DCAC5_1005665|Kosakonia_oryzendophytica|Kosakonia,Kosakonia_oryzendophytica,73,99,U
URS000018CF94_273068|Caldanaerobacter_subterraneus|Caldanaerobacter,Caldanaerobacter_subterraneus,73,99,U
URS000341B508_1904483|sheep_gut_metagenome_tRNA|sheep,sheep_gut_metagenome_tRNA,73,99,U
URS0003408124_1904483|sheep_gut_metagenome_tRNA|sheep,sheep_gut_metagenome_tRNA,73,99,U
URS000341D73F_1904483|sheep_gut_metagenome_tRNA|sheep,sheep_gut_metagenome_tRNA,73,99,U
URS00034049B1_1904483|sheep_gut_metagenome_tRNA|sheep,sheep_gut_metagenome_tRNA,73,99,U
URS0003417A82_1904483|sheep_gut_metagenome_tRNA|sheep,sheep_gut_metagenome_tRNA,73,99,C
URS000340B958_1904483|sheep_gut_metagenome_tRNA|sheep,sheep_gut_metagenome_tRNA,73,99,C
URS0000A13594_1265311|Mycobacterium_arosiense|Mycobacterium,Mycobacterium_arosiense,73,99,U
URS0000A13594_1785|Mycobacterium_sp|Mycobacterium,Mycobacterium_sp,73,99,U
URS0000A13594_1834071|Mycobacterium_sp|Mycobacterium,Mycobacterium_sp,73,99,U
URS000340C1C2_1904483|sheep_gut_metagenome_tRNA|sheep,sheep_gut_metagenome_tRNA,73,99,U
URS0000C96ADE_2024894|Acidimicrobiaceae_bacterium|Acidimicrobiaceae,Acidimicrobiaceae_bacterium,73,99,U
URS0000C96ADE_2900548|Actinomycetota_bacterium|Actinomycetota,Actinomycetota_bacterium,73,99,U
URS0000AF7EE8_335381|Friedmanniella_sp|uncultured,Friedmanniella_sp,73,99,U
URS00006E3382_60137|Sulfitobacter_pontiacus|Sulfitobacter,Sulfitobacter_pontiacus,73,99,U
URS0003410A98_1904483|sheep_gut_metagenome_tRNA|sheep,sheep_gut_metagenome_tRNA,73,99,U
URS000052E4A1_657313|_Ruminococcus__torques_L2-14_tRNA|[Ruminococcus],_Ruminococcus__torques_L2-14_tRNA,73,99,U
URS0000B1F89D_392333|Geoalkalibacter_ferrihydriticus|Geoalkalibacter,Geoalkalibacter_ferrihydriticus,73,99,U
URS000041EA00_177439|Predicted_Se|Desulfotalea,Predicted_Se,73,99,U
URS0003416F49_2963089|Bilifractor_sp|uncultured,Bilifractor_sp,73,99,C
URS00019C5548_2963089|Bilifractor_sp|uncultured,Bilifractor_sp,73,99,U
URS0002FDD034_1118124|Moryella_sp|uncultured,Moryella_sp,73,99,C
URS00004DD8C0_717608|_Clostridium__cf._saccharolyticum_K10_tRNA|[Clostridium],_Clostridium__cf._saccharolyticum_K10_tRNA,73,99,U
URS000341938C_1904483|sheep_gut_metagenome_tRNA|sheep,sheep_gut_metagenome_tRNA,73,99,U
URS0002245DB9_1904483|sheep_gut_metagenome_tRNA|sheep,sheep_gut_metagenome_tRNA,73,99,U
URS000025EF76_413999|Clostridium_botulinum|Clostridium,Clostridium_botulinum,73,99,U
URS000025EF76_941968|Clostridium_botulinum|Clostridium,Clostridium_botulinum,73,99,U
URS0000ED0590_287|Pseudomonas_aeruginosa|Pseudomonas,Pseudomonas_aeruginosa,73,99,U
URS000222E4EE_1904483|sheep_gut_metagenome_tRNA|sheep,sheep_gut_metagenome_tRNA,73,99,U
URS0003413B1E_1904483|sheep_gut_metagenome_tRNA|sheep,sheep_gut_metagenome_tRNA,73,99,U
URS00002C364D_1731|Peptoclostridium_acidaminophilum|Peptoclostridium,Peptoclostridium_acidaminophilum,73,99,U
URS0003416972_1904483|sheep_gut_metagenome_tRNA|sheep,sheep_gut_metagenome_tRNA,73,99,U
URS000342162C_1904483|sheep_gut_metagenome_tRNA|sheep,sheep_gut_metagenome_tRNA,73,99,U
URS000341B2C5_1904483|sheep_gut_metagenome_tRNA|sheep,sheep_gut_metagenome_tRNA,73,99,U
URS0000A0E1AC_165190|Collinsella_sp|uncultured,Collinsella_sp,73,99,U
URS0003406567_1904483|sheep_gut_metagenome_tRNA|sheep,sheep_gut_metagenome_tRNA,73,99,U
URS000340B8EA_1904483|sheep_gut_metagenome_tRNA|sheep,sheep_gut_metagenome_tRNA,73,99,U
URS0003403377_1904483|sheep_gut_metagenome_tRNA|sheep,sheep_gut_metagenome_tRNA,73,99,U
URS00022290E2_59620|Clostridium_sp|uncultured,Clostridium_sp,73,99,U
URS0003410408_1904483|sheep_gut_metagenome_tRNA|sheep,sheep_gut_metagenome_tRNA,73,99,U
URS0002225DE4_1904483|sheep_gut_metagenome_tRNA|sheep,sheep_gut_metagenome_tRNA,73,99,U
URS0003417578_765821|Blautia_sp|uncultured,Blautia_sp,73,99,U
URS00002C228D_201089|Desulfobacterium_sp|uncultured,Desulfobacterium_sp,73,99,U
URS0003418CDE_1904483|sheep_gut_metagenome_tRNA|sheep,sheep_gut_metagenome_tRNA,73,99,U
URS00026DA227_1904483|sheep_gut_metagenome_tRNA|sheep,sheep_gut_metagenome_tRNA,73,99,U
URS000340FE24_88431|Dorea_longicatena|Dorea,Dorea_longicatena,73,99,U
URS0000AD0ACA_2013753|Deltaproteobacteria_bacterium|Deltaproteobacteria,Deltaproteobacteria_bacterium,73,99,U
URS0000AD0ACA_2202153|Thermodesulfobacteriota_bacterium|Thermodesulfobacteriota,Thermodesulfobacteriota_bacterium,73,99,U
URS0000B50670_2013728|Chloroflexi_bacterium|Chloroflexi,Chloroflexi_bacterium,73,99,U
URS0000B50670_2026735|Deltaproteobacteria_bacterium|Deltaproteobacteria,Deltaproteobacteria_bacterium,73,99,U
URS0000B50670_2053627|Syntrophomonas_sp|Syntrophomonas,Syntrophomonas_sp,73,99,U
URS0000AD3CA5_3055594|Desulfobacterales_bacterium|Desulfobacterales,Desulfobacterales_bacterium,73,99,U
URS00034102DD_1904483|sheep_gut_metagenome_tRNA|sheep,sheep_gut_metagenome_tRNA,73,99,U
URS0002D7ADC2_3137852|Tenacibaculum_sp|Tenacibaculum,Tenacibaculum_sp,73,99,U
URS000080DE1A_2320|Methanopyrus_kandleri|selenocysteine,Methanopyrus_kandleri,73,99,U
URS000017E011_759914|Brachyspira_pilosicoli|Brachyspira,Brachyspira_pilosicoli,73,99,U
URS0000603899_352472|Dictyostelium_discoideum|Dictyostelium,Dictyostelium_discoideum,73,99,U
URS0000AE336D_36330|Plasmodium_ovale|Plasmodium,Plasmodium_ovale,73,99,U
URS0000CF631C_720590|Plasmodium_sp|Plasmodium,Plasmodium_sp,73,99,U
URS0000CD1D1C_880536|Plasmodium_sp|Plasmodium,Plasmodium_sp,73,99,U
URS0000D0C34A_880534|Plasmodium_sp|Plasmodium,Plasmodium_sp,73,99,U
URS000027CA7B_36329|Plasmodium_falciparum|Plasmodium,Plasmodium_falciparum,73,99,U
URS000027CA7B_5854|Plasmodium_reichenowi|Plasmodium,Plasmodium_reichenowi,73,99,U
URS0000CDCE69_647221|Plasmodium_gaboni|Plasmodium,Plasmodium_gaboni,73,99,U
URS0000A655CB_720590|Plasmodium_sp|Plasmodium,Plasmodium_sp,73,99,U
URS0000A6C2CA_5821|Plasmodium_berghei|Plasmodium,Plasmodium_berghei,73,99,U
URS0000A52F5E_36330|Plasmodium_ovale|Plasmodium,Plasmodium_ovale,73,99,U
URS0000B075AC_5858|Plasmodium_malariae|Plasmodium,Plasmodium_malariae,73,99,U
URS0000B02643_85471|Plasmodium_relictum|Plasmodium,Plasmodium_relictum,73,99,U
URS0000D4B4EE_880535|Plasmodium_sp|Plasmodium,Plasmodium_sp,73,99,U
URS0000AC0DEF_5849|Plasmodium_gallinaceum|Plasmodium,Plasmodium_gallinaceum,73,99,U
URS0000791279_5823|Plasmodium_berghei|Plasmodium,Plasmodium_berghei,73,99,U
URS000062C4CA_5823|Plasmodium_berghei|Plasmodium,Plasmodium_berghei,73,99,U
URS00006C48DD_5855|Plasmodium_vivax|Plasmodium,Plasmodium_vivax,73,99,U
URS000064448A_5851|Plasmodium_knowlesi|Plasmodium,Plasmodium_knowlesi,73,99,U
URS000070CAB7_36329|Plasmodium_falciparum|Plasmodium,Plasmodium_falciparum,73,99,U
URS00009DE517_5826|Plasmodium_chabaudi|Plasmodium,Plasmodium_chabaudi,73,99,U
URS00009DE517_31271|Plasmodium_chabaudi|Plasmodium,Plasmodium_chabaudi,73,99,U
URS00005FE6AC_5861|Plasmodium_yoelii|Plasmodium,Plasmodium_yoelii,73,99,U
URS00005FE6AC_31271|Plasmodium_chabaudi|Plasmodium,Plasmodium_chabaudi,73,99,U
URS00005FE6AC_5860|Plasmodium_vinckei|Plasmodium,Plasmodium_vinckei,73,99,U
URS00005FE6AC_119398|Plasmodium_vinckei|Plasmodium,Plasmodium_vinckei,73,99,U
URS0001CA48BD_138297|Plasmodium_vinckei|Plasmodium,Plasmodium_vinckei,73,99,U
URS0000C8E9EB_9606|Homo_sapiens|Homo,Homo_sapiens,73,99,U
URS0000511088_508771|Toxoplasma_gondii|Toxoplasma,Toxoplasma_gondii,73,99,U
URS00003AB734_905079|Guillardia_theta|Guillardia,Guillardia_theta,73,99,U
URS000027138B_8355|Xenopus_laevis|Xenopus,Xenopus_laevis,73,99,U
URS00004CEF57_7227|Drosophila_melanogaster|Drosophila,Drosophila_melanogaster,73,99,U
URS00006501FF_9606|Homo_sapiens|Homo,Homo_sapiens,73,99,U
URS000009B95D_6239|Caenorhabditis_elegans|Caenorhabditis,Caenorhabditis_elegans,73,99,U
URS0000176051_10090|Mus_musculus|Mus,Mus_musculus,73,99,U
URS000043400C_7955|Danio_rerio|Danio,Danio_rerio,73,99,U
URS00001DA281_9606|Homo_sapiens|Homo,Homo_sapiens,73,99,U
URS000018DFB6_9031|Gallus_gallus|Gallus,Gallus_gallus,73,99,U
URS0002318EF0_7227|Drosophila_melanogaster|Drosophila,Drosophila_melanogaster,73,99,U
URS00008FED48_9606|Homo_sapiens|selenocysteine,Homo_sapiens,73,99,U
URS00003B2198_10090|Mus_musculus|Mus,Mus_musculus,73,99,U
URS000232C248_7955|Danio_rerio|Danio,Danio_rerio,73,99,U
URS000014E598_9606|Sec_from|human,Sec_from,73,99,U
URS000014E598_9913|Bos_taurus|Bos,Bos_taurus,73,99,U
URS00004315E3_9606|Homo_sapiens|Homo,Homo_sapiens,73,99,U
URS0000C50FBB_905079|Guillardia_theta|Guillardia,Guillardia_theta,73,99,U
URS0000EFA563_1223558|Pythium_iwayamai|Pythium,Pythium_iwayamai,73,99,U
URS0000EFA428_1284355|Phytophthora_kernoviae|Phytophthora,Phytophthora_kernoviae,73,99,U
URS0000BF6A53_1317065|Phytophthora_parasitica|Phytophthora,Phytophthora_parasitica,73,99,U
URS0000EFA0F4_1254522|Phytophthora_lateralis|Phytophthora,Phytophthora_lateralis,73,99,U
URS000037ED7F_6945|Ixodes_scapularis|Ixodes,Ixodes_scapularis,73,99,U
URS0000296430_6945|Ixodes_scapularis|Ixodes,Ixodes_scapularis,73,99,U
URS000063E0DB_6945|Ixodes_scapularis|Ixodes,Ixodes_scapularis,73,99,U
URS000197EBEF_6945|Ixodes_scapularis|Ixodes,Ixodes_scapularis,73,99,U
URS000197E0D4_6945|Ixodes_scapularis|Ixodes,Ixodes_scapularis,73,99,U
URS000096B318_7209|Loa_loa|Loa,Loa_loa,73,99,U
URS000218F9E9_29158|Mytilus_galloprovincialis|Mytilus,Mytilus_galloprovincialis,73,99,U
URS000197CDD6_442651|Hofstenia_miamia|Hofstenia,Hofstenia_miamia,73,99,U
URS000047201F_46245|Drosophila_pseudoobscura|Drosophila,Drosophila_pseudoobscura,73,99,U
URS000047201F_7234|Drosophila_persimilis|Drosophila,Drosophila_persimilis,73,99,U
URS0000D8E506_7370|Musca_domestica|Musca,Musca_domestica,73,99,U
URS00006FD6F2_7227|Drosophila_melanogaster|Drosophila,Drosophila_melanogaster,73,99,U
URS0000496CAE_7238|Drosophila_sechellia|Drosophila,Drosophila_sechellia,73,99,U
URS000052E9CE_7244|Drosophila_virilis|Drosophila,Drosophila_virilis,73,99,U
URS00000D8D92_7217|Drosophila_ananassae|Drosophila,Drosophila_ananassae,73,99,U
URS00000D8D92_7220|Drosophila_erecta|Drosophila,Drosophila_erecta,73,99,U
URS00000D8D92_7245|Drosophila_yakuba|Drosophila,Drosophila_yakuba,73,99,U
URS00004F4052_7222|Drosophila_grimshawi|Drosophila,Drosophila_grimshawi,73,99,U
URS00004F4052_7230|Drosophila_mojavensis|Drosophila,Drosophila_mojavensis,73,99,U
URS00006FD6B3_6239|Caenorhabditis_elegans|Caenorhabditis,Caenorhabditis_elegans,73,99,U
URS000073556F_9606|Homo_sapiens|Homo,Homo_sapiens,73,99,U
URS00021A3664_29158|Mytilus_galloprovincialis|Mytilus,Mytilus_galloprovincialis,73,99,U
URS00006F0FC0_9606|Homo_sapiens|Homo,Homo_sapiens,73,99,U
URS0000624339_10090|Mus_musculus|tRNA(Sec),Mus_musculus,73,99,U
URS00006CB2B8_7955|Danio_rerio|Danio,Danio_rerio,73,99,U
URS0000BE6003_280463|Emiliania_huxleyi|Emiliania,Emiliania_huxleyi,73,99,U
URS00000B7399_5680|Leishmania_shawi|Leishmania,Leishmania_shawi,73,99,U
URS00000B7399_651832|Leishmania_lindenbergi|Leishmania,Leishmania_lindenbergi,73,99,U
URS00000B7399_5678|Leishmania_naiffi|Leishmania,Leishmania_naiffi,73,99,U
URS00000B7399_653362|Leishmania_utingensis|Leishmania,Leishmania_utingensis,73,99,U
URS0000504971_59799|Angomonas_deanei|Angomonas,Angomonas_deanei,73,99,U
URS0000D4B859_5661|Leishmania_donovani|Leishmania,Leishmania_donovani,73,99,U
URS0000D4B859_347515|Leishmania_major|Leishmania,Leishmania_major,73,99,U
URS0000D4B859_420245|Leishmania_braziliensis|Leishmania,Leishmania_braziliensis,73,99,U
URS0000B192F6_5694|Trypanosoma_equiperdum|Trypanosoma,Trypanosoma_equiperdum,73,99,U
